smiles,label,source_domain,name,description
[C@@H]14C(=C[C@H](NC(N(CC)CC)=O)CN1C)C2=CC=CC3=C2C(=C[NH]3)C4,1,BBBP,source_mol_0,Source domain molecule from BBBP
C1=CC=CC(=C1C(NC2=C(C=C(N(CC)CC)C=C2)C)=O)N,1,BBBP,source_mol_1,Source domain molecule from BBBP
C1=C(C(O)C(CO)NC(C(Cl)Cl)=O)C=CC(=C1)C(=O)C,1,BBBP,source_mol_2,Source domain molecule from BBBP
[C@]134[C@@H]([C@H](CC2=C1C=C(O)C=C2)N(C)CC3)CCCC4,1,BBBP,source_mol_3,Source domain molecule from BBBP
CO/N=C(C(=O)N[C@H]1[C@H]2SCC(=C(N2C1=O)C(=O)OC(C)OC(C)=O)COC(N)=O)/c3occc3,0,BBBP,source_mol_4,Source domain molecule from BBBP
CCCCNc1c(cnc2n(CC)ncc12)C(=O)OCC,1,BBBP,source_mol_5,Source domain molecule from BBBP
c1(cc(c(cc1)Cl)Cl)CC(N1[C@@H](c2c(CC1)cccc2)CN1CCCC1)=O,1,BBBP,source_mol_6,Source domain molecule from BBBP
CC1(C)S[C@@H]2[C@H](NC(=O)[C@H](N)c3ccccc3)C(=O)N2[C@H]1C(O)=O.CC4(C)[C@@H](N5[C@@H](CC5=O)[S]4(=O)=O)C(O)=O,0,BBBP,source_mol_7,Source domain molecule from BBBP
c1(ccc(c(c1)Cl)Cl)CC(N1[C@@H](c2c(CC1)scc2)CN1CCCC1)=O,1,BBBP,source_mol_8,Source domain molecule from BBBP
C1=C(Cl)C=CC2=C1C(=NCC(N2CC(CO)O)=O)C3=CC=CC=C3F,1,BBBP,source_mol_9,Source domain molecule from BBBP
CCC#CC(C)C1(CC=C)C(=O)NC(=O)N(C)C1=O,1,BBBP,source_mol_10,Source domain molecule from BBBP
C3=C(CN2C1=NC(=NC(=C1CCC2=O)C)C)C=CC(=C3)C4=CC=CC=C4C5=N[NH]N=N5,1,BBBP,source_mol_11,Source domain molecule from BBBP
OC(COc1ccc2OC(=CC(=O)c2c1)C(O)=O)COc3cccc4OC(=CC(=O)c34)C(O)=O,0,BBBP,source_mol_12,Source domain molecule from BBBP
C1=C(O)C=CC4=C1C3(C(C(N(CC2CC2)CC3)C4)(C)C)CC,1,BBBP,source_mol_13,Source domain molecule from BBBP
Cc1csc(n1)N=C(N)N,1,BBBP,source_mol_14,Source domain molecule from BBBP
[C@]34([C@H](C2[C@@](F)([C@@]1(C(=CC(=O)C=C1)[C@@H](F)C2)C)[C@@H](O)C3)C[C@H]([C@]4(OC(=O)CC)C(SCCl)=O)C)C,1,BBBP,source_mol_15,Source domain molecule from BBBP
COC1C=COC5(C)Oc4c(C)c(O)c3c(O)c(NC(=O)C(=CC=CC(C)C(O)C(C)C(O)C(C)C(OC(C)=O)C1C)C)c(C=NN2CCN(C)CC2)c(O)c3c4C5=O,0,BBBP,source_mol_16,Source domain molecule from BBBP
CC1(C)S[C@@H]2[C@H](NC(=O)Cc3ccccc3)C(=O)N2[C@H]1C(O)=O,0,BBBP,source_mol_17,Source domain molecule from BBBP
[C@@]23(F)C1(C(=CC(=O)C=C1)[C@@H](F)CC2C5C(CC3O)([C@]4(C(=O)COC(=O)CC)OC(O[C@@H]4C5)(C)C)C)C,1,BBBP,source_mol_18,Source domain molecule from BBBP
N1(c2c(CCc3c1cccc3)cccc2)CCCN,1,BBBP,source_mol_19,Source domain molecule from BBBP
N1(Cc2cc(OCCCNc3nccs3)ccc2)CCCCC1,1,BBBP,source_mol_20,Source domain molecule from BBBP
CN1CCC[C@H]1c2cccnc2,1,BBBP,source_mol_21,Source domain molecule from BBBP
CN1C2CCC1CC(C2)OC(=O)C(CO)c3ccccc3,0,BBBP,source_mol_22,Source domain molecule from BBBP
NCCC(Oc1ccc(cc1)C(F)(F)F)c2ccccc2,1,BBBP,source_mol_23,Source domain molecule from BBBP
C1=C(F)C=CC2=C1NC(=C3C(=N2)SC(=C3)C)N4CCN(CC4)C,1,BBBP,source_mol_24,Source domain molecule from BBBP
C1=CC=CC2=C1C(C(N2C3=CC=CC=C3)=O)(CC4=CC=NC=C4)CC5=CC=NC=C5,1,BBBP,source_mol_25,Source domain molecule from BBBP
C1=CC=CC=C1C2C(N(C)C(C2)=O)=O,1,BBBP,source_mol_26,Source domain molecule from BBBP
COCOC(=O)C1N2C(SC1(C)C)C(N3C(=O)C(NC3(C)C)c4ccc(O)cc4)C2=O,0,BBBP,source_mol_27,Source domain molecule from BBBP
CN1C(=C(/O)Nc2ccccn2)/C(=O)c3ccccc3[S]1(=O)=O,0,BBBP,source_mol_28,Source domain molecule from BBBP
C1=CC=CC2=C1C(=C3C(=N2)CCCC3O)N,1,BBBP,source_mol_29,Source domain molecule from BBBP
OCCN(CCO)c1nc(N2CCCCC2)c3nc(nc(N4CCCCC4)c3n1)N(CCO)CCO,0,BBBP,source_mol_30,Source domain molecule from BBBP
CCCN(CCC)[S](=O)(=O)c1ccc(cc1)C(O)=O,0,BBBP,source_mol_31,Source domain molecule from BBBP
C1=C(C(F)(F)F)C=CC3=C1N(C2=C(C=CC=C2)S3)C(CCN4CCN(C)CC4)=O,1,BBBP,source_mol_32,Source domain molecule from BBBP
C[C@]12CC[C@H]3[C@@H](CCc4cc(O)ccc34)[C@@H]1CC[C@@H]2O,0,BBBP,source_mol_33,Source domain molecule from BBBP
N1(c2c(Sc3c1cccc3)ccc(c2)Cl)CCCNC,1,BBBP,source_mol_34,Source domain molecule from BBBP
CCOC(=O)C(C1=C(O)Oc2ccccc2C1=O)C3=C(O)Oc4ccccc4C3=O,0,BBBP,source_mol_35,Source domain molecule from BBBP
O.CCN1CCN(C(=O)N[C@@H](C(=O)N[C@H]2[C@H]3SC(C)(C)[C@@H](N3C2=O)C(O)=O)c4ccccc4)C(=O)C1=O,1,BBBP,source_mol_36,Source domain molecule from BBBP
[C@@H]45C(N(CCCCN3CCN(C1=NSC2=C1C=CC=C2)CC3)C([C@@H]4CCCC5)=O)=O,1,BBBP,source_mol_37,Source domain molecule from BBBP
CN(C)[C@H]1[C@@H]2C[C@H]3C(=C(O)c4c(O)cccc4[C@@]3(C)O)C(=O)[C@]2(O)C(=O)\C(=C(/O)NCN(C)CCN(C)CNC(/O)=C/5C(=O)[C@H]([C@@H]6C[C@H]7C(=C(O)c8c(O)cccc8[C@@]7(C)O)C(=O)[C@]6(O)C5=O)N(C)C)C1=O,0,BBBP,source_mol_38,Source domain molecule from BBBP
Cc1ncc(n1CCO)[N+]([O-])=O,1,BBBP,source_mol_39,Source domain molecule from BBBP
[C@@H]1(NCCCC1)[C@@H]2OC(OC2)(C3=CC=CC=C3)C4=CC=CC=C4,1,BBBP,source_mol_40,Source domain molecule from BBBP
CN(C)CCc1c[nH]c2ccc(O)cc12,1,BBBP,source_mol_41,Source domain molecule from BBBP
CCC(C)N1N=CN(C1=O)c2ccc(cc2)N3CCN(CC3)c4ccc(OC[C@H]5CO[C@@](Cn6cncn6)(O5)c7ccc(Cl)cc7Cl)cc4,0,BBBP,source_mol_42,Source domain molecule from BBBP
C(C(N(C(\C=C\C)=O)CC)C(N(C)C)=O)C,1,BBBP,source_mol_43,Source domain molecule from BBBP
Nc1ccc(N=Nc2ccccc2)c(N)n1,0,BBBP,source_mol_44,Source domain molecule from BBBP
CCCCC[C@H](O)/C=C/[C@H]1[C@H](O)CC(=O)[C@@H]1CCCCCCC(O)=O,0,BBBP,source_mol_45,Source domain molecule from BBBP
C1=C(C(=NN=C1C2=CC=CC=C2)NCCN3CCOCC3)C,1,BBBP,source_mol_46,Source domain molecule from BBBP
[Br-].CC(C)[N+]1(C)C2CCC1CC(C2)OC(=O)C(CO)c3ccccc3,0,BBBP,source_mol_47,Source domain molecule from BBBP
C3=C(C2(OC(C1CCCCN1)CO2)CC)C=CC=C3,1,BBBP,source_mol_48,Source domain molecule from BBBP
Cc1ccccc1C,1,BBBP,source_mol_49,Source domain molecule from BBBP
C1=CC(=CC(=C1NC(OCC)=O)N)NCC2=CC=C(C=C2)F,1,BBBP,source_mol_50,Source domain molecule from BBBP
CC1OC(CC(N)C1O)OC2C[C@@](O)(Cc3c(O)c4C(=O)c5cccc(O)c5C(=O)c4c(O)c23)C(C)=O,0,BBBP,source_mol_51,Source domain molecule from BBBP
CN(C)Cc1ccc(CSCCNC2=C([N+]([O-])=O)C(Cc3ccccc3)=CN2)o1,1,BBBP,source_mol_52,Source domain molecule from BBBP
CN1[C@@H]2CC(C[C@H]1[C@@H]3O[C@H]23)OC(=O)[C@H](CO)c4ccccc4,0,BBBP,source_mol_53,Source domain molecule from BBBP
[C@]235[C@]([C@H](N(CC1CCC1)CC2)CC4=C3C=C(O)C=C4)(CCCC5)O,1,BBBP,source_mol_54,Source domain molecule from BBBP
C1=CSC2=C1N(C3=C(C=C2)C=CC=C3)CCCN(C)C,1,BBBP,source_mol_55,Source domain molecule from BBBP
C(=C)OC=C,1,BBBP,source_mol_56,Source domain molecule from BBBP
Cc1nccc2c1[nH]c3ccccc23,1,BBBP,source_mol_57,Source domain molecule from BBBP
[H+].[Cl-].CCN(CC)CCOC(=O)C(O)(c1ccccc1)c2ccccc2,1,BBBP,source_mol_58,Source domain molecule from BBBP
NC1=NC(=O)c2ncn(COCCO)c2N1,1,BBBP,source_mol_59,Source domain molecule from BBBP
O=C3C1C(C2CCC1C2)C(=O)N3C4C(NC(=O)CC4)=O,1,BBBP,source_mol_60,Source domain molecule from BBBP
C1=CC=CC3=C1C(C2=C(C=CC=C2)C3(C)C)=CCCN(C)C,1,BBBP,source_mol_61,Source domain molecule from BBBP
[C@H]24[C@H]1[C@@]([C@](C(COC(C)=O)=O)(O)CC1)(C[C@@H]([C@@H]2[C@@]3(C(=CC(=O)C=C3)[C@H](C4)C)C)O)C,1,BBBP,source_mol_62,Source domain molecule from BBBP
O=C1NCCN1C4CCN(CCC3COc2ccccc2O3)CC4,1,BBBP,source_mol_63,Source domain molecule from BBBP
C1=CC=CC3=C1C(C2=C(C=CC=C2)CC3)C(N)=O,1,BBBP,source_mol_64,Source domain molecule from BBBP
[Cl-].[Cl-].[Cl-].COc1cccnc1CCCCNC2=NC=C(Cc3ccc(C)nc3)C(=O)N2.[H+].[H+].[H+],0,BBBP,source_mol_65,Source domain molecule from BBBP
C1=C(C(=C(C(=N1)C)O)CO)CSSCC2=CN=C(C(=C2CO)O)C,1,BBBP,source_mol_66,Source domain molecule from BBBP
[C@H]3(CN(C2=CC=C(OCC1=CC=CC(=C1)Cl)C=C2)C(O3)=O)CNC,1,BBBP,source_mol_67,Source domain molecule from BBBP
C1=C(Br)C=CC2=C1C(=NCC(N2C)COC)C3=CC=CC=C3Cl,1,BBBP,source_mol_68,Source domain molecule from BBBP
ClC(C(F)(F)Cl)(F)F,1,BBBP,source_mol_69,Source domain molecule from BBBP
CN1CCCCC1CCN2c3ccccc3Sc4ccc(cc24)[S](C)(=O)=O,1,BBBP,source_mol_70,Source domain molecule from BBBP
CN1C(CNC(=O)c2cscc2)CN=C(c3ccccc3F)c4ccccc14,1,BBBP,source_mol_71,Source domain molecule from BBBP
C1=CC(=CC2=C1[N](C(=C2CC(O)=O)C)C(C3=CC=C(Cl)C=C3)=O)OC,1,BBBP,source_mol_72,Source domain molecule from BBBP
CN(C)CCOC(C)(c1ccccc1)c2ccccn2.OC(=O)CCC(O)=O,1,BBBP,source_mol_73,Source domain molecule from BBBP
CO[C@]1(NC(=O)CSC[C@@H](N)C(O)=O)[C@H]2SCC(=C(N2C1=O)C(O)=O)CSc3nnnn3C,0,BBBP,source_mol_74,Source domain molecule from BBBP
C1=CC(=CC=C1OCC(NNC(C)C)=O)Cl,1,BBBP,source_mol_75,Source domain molecule from BBBP
NC(N)=NCCN1CCCCCCC1,0,BBBP,source_mol_76,Source domain molecule from BBBP
C3=C(C1(C(OCC)=O)CCN(CC1)CCCNC2=CC=CC=C2)C=CC=C3,1,BBBP,source_mol_77,Source domain molecule from BBBP
C3=C(C2=CC=C(N1CCC(O)CC1)N=N2)C(=CC(=C3)Cl)Cl,1,BBBP,source_mol_78,Source domain molecule from BBBP
CCCC(C)C1(CC)C(=O)NC(=S)NC1=O,0,BBBP,source_mol_79,Source domain molecule from BBBP
[C@@]4([C@@]3([C@H]([C@H]2[C@]([C@@]1(C(=CC(=O)C=C1)CC2)C)(Cl)[C@H](C3)O)C[C@H]4C)C)(C(COC(C)=O)=O)OC(CCC)=O,1,BBBP,source_mol_80,Source domain molecule from BBBP
NC1=NC(=O)N(C=C1)[C@H]2CC[C@@H](CO)O2,1,BBBP,source_mol_81,Source domain molecule from BBBP
C2=C(C1C(NCCN1)=O)SC=C2,1,BBBP,source_mol_82,Source domain molecule from BBBP
[C@H]2([C@H](CN(CC(C1=CC=C(F)C=C1)=O)CC2)COC4=CC3=C(OCO3)C=C4)C5=CC=C(F)C=C5,1,BBBP,source_mol_83,Source domain molecule from BBBP
C1=CC=CC3=C1C(C2=CC=CC=C2CC3)CC(CN(C)C)C,1,BBBP,source_mol_84,Source domain molecule from BBBP
C(C1=CC=CC=C1O)(=O)N,1,BBBP,source_mol_85,Source domain molecule from BBBP
CN(C)N\N=C/1N=CN=C1C(N)=O,1,BBBP,source_mol_86,Source domain molecule from BBBP
OCCN1CCN(CC\C=C/2c3ccccc3Sc4ccc(cc24)C(F)(F)F)CC1,1,BBBP,source_mol_87,Source domain molecule from BBBP
C1=CC=CC=C1N2C4(C(NC2)=O)CCN(CCCC(C3=CC=C(F)C=C3)=O)CC4,1,BBBP,source_mol_88,Source domain molecule from BBBP
[Br-].C[N+]1(C)CCCC(C1)OC(=O)C(O)(c2ccccc2)c3ccccc3,0,BBBP,source_mol_89,Source domain molecule from BBBP
O=C(C4N(C12CC3CC(C1)CC(C2)C3)CC4)O,1,BBBP,source_mol_90,Source domain molecule from BBBP
[C@H]1(NC(=O)CC1)C(=O)N2CCCCC2,1,BBBP,source_mol_91,Source domain molecule from BBBP
C2=C(C1=C(C=CC1)C=C2)OCC3CNCCO3,1,BBBP,source_mol_92,Source domain molecule from BBBP
C1CCCCC1,1,BBBP,source_mol_93,Source domain molecule from BBBP
c1(CC(N2[C@H](CN(CC2)C(=O)C)C[N@]2CC[C@H](C2)O)=O)cc(cc(c1)F)F,0,BBBP,source_mol_94,Source domain molecule from BBBP
CCN1C=C(C(O)=O)C(=O)c2cc(F)c(cc12)N3CCNCC3,0,BBBP,source_mol_95,Source domain molecule from BBBP
Clc1ccc2NC(=O)CN=C(c3ccccc3)c2c1,1,BBBP,source_mol_96,Source domain molecule from BBBP
C1=CC=CC3=C1C(=NC2=CC=CC=C2S3)N4CCN(CCOCCO)CC4,1,BBBP,source_mol_97,Source domain molecule from BBBP
C1=CC=CC3=C1N(CCCN2CCC(OCCO)CC2)C4=C(S3)C=CC(=C4)C(F)(F)F,1,BBBP,source_mol_98,Source domain molecule from BBBP
C1=CC(=CC=C1C(C2=CC=CC=C2)SCCN(C)C)SCCCC,1,BBBP,source_mol_99,Source domain molecule from BBBP
[C@H](CCOC1=CC=CC2=CC=CC=C12)(C3=CC=CC=C3)N(C)C,1,BBBP,source_mol_100,Source domain molecule from BBBP
[C@H]23C([C@@]1(OC(O[C@@H]1C2)(CC)CC)C(=O)CO)(C[C@H](O)[C@@]4(F)C3CCC5=CC(=O)C=CC45C)C,1,BBBP,source_mol_101,Source domain molecule from BBBP
CCC(C)=O,1,BBBP,source_mol_102,Source domain molecule from BBBP
O=C1N=CN=C2NNC=C12,0,BBBP,source_mol_103,Source domain molecule from BBBP
[C@@]45([C@@]3([C@H]([C@H]2[C@]([C@@]1(C(=CC(=O)C=C1)CC2)C)(F)[C@H](C3)O)C[C@H]4OC6(O5)CCCC6)C)C(COC(C)=O)=O,1,BBBP,source_mol_104,Source domain molecule from BBBP
C(C(C(CC)C)(COC(N)=O)C)OC(N)=O,1,BBBP,source_mol_105,Source domain molecule from BBBP
NC1=NC(=O)N(C=C1)[C@@H]2O[C@H](CO)[C@@H](O)[C@@H]2O,1,BBBP,source_mol_106,Source domain molecule from BBBP
CCOC(=O)C1=C(C)NC(=C(C1c2cccc(Cl)c2Cl)C(=O)OC)C,0,BBBP,source_mol_107,Source domain molecule from BBBP
CO\N=C(C(=O)NC1[C@H]2SCC(=C(N2C1=O)C(O)=O)\C=C/c3scnc3C)\c4csc(N)n4,0,BBBP,source_mol_108,Source domain molecule from BBBP
CN1CCCC(C1)CN2c3ccccc3Sc4ccccc24,1,BBBP,source_mol_109,Source domain molecule from BBBP
CC1(C)S[C@@H]2[C@H](NC(=O)C34C[C@H]5C[C@H](CC(N)(C5)C3)C4)C(=O)N2[C@H]1C(O)=O,0,BBBP,source_mol_110,Source domain molecule from BBBP
OC1(CCN(CCCC(=O)c2ccc(F)cc2)CC1)c3cccc(c3)C(F)(F)F,1,BBBP,source_mol_111,Source domain molecule from BBBP
C1=CC=C(C(=C1C(C)C)O)C(C)C,1,BBBP,source_mol_112,Source domain molecule from BBBP
C[C@@](Cc1ccc(O)c(O)c1)(NN)C(O)=O,0,BBBP,source_mol_113,Source domain molecule from BBBP
C1=CC=CC4=C1N(C2C3CCN(C2)CC3)C5=C(CC4)C=CC=C5,1,BBBP,source_mol_114,Source domain molecule from BBBP
c1nc(C2CCN(CC2)C(NC2CCCCC2)=S)c[nH]1,1,BBBP,source_mol_115,Source domain molecule from BBBP
C(C(C)(C)O)C,1,BBBP,source_mol_116,Source domain molecule from BBBP
[C@@]24(F)C1(C(=CC(=O)C=C1)[C@@H](F)CC2C3C(C([C@@H](C3)C)C(=O)CO)(CC4O)C)C,1,BBBP,source_mol_117,Source domain molecule from BBBP
c1(CC(N2[C@H](CN(CC2)C(=O)C)C[N@]2CC[C@H](O)C2)=O)cc(ccc1)N(=O)=O,0,BBBP,source_mol_118,Source domain molecule from BBBP
CC(C)=O,1,BBBP,source_mol_119,Source domain molecule from BBBP
Oc1ccc2C[C@H]3N(CC[C@@]45[C@@H](Oc1c24)C(=O)CC[C@@]35O)CC=C,1,BBBP,source_mol_120,Source domain molecule from BBBP
[H+].C2=C(C1(C(N(C)C)C=CCC1)C(OCC)=O)C=CC=C2.[Cl-],1,BBBP,source_mol_121,Source domain molecule from BBBP
[C@]14([C@@](C(=O)COC(CCC(=O)[O-])=O)(CC[C@H]1[C@@H]3CCC2=CC(C=C[C@@]2([C@H]3[C@H](C4)O)C)=O)O)C.[Na+],1,BBBP,source_mol_122,Source domain molecule from BBBP
[C@@]23(Cl)C(C1C([C@](O)([C@@H](C1)C)C(=O)CO)(CC2Cl)C)CCC4=CC(=O)C=CC34C,1,BBBP,source_mol_123,Source domain molecule from BBBP
CO/N=C(C(=O)N[C@H]1[C@@H]2N(C1=O)C(=C(COC(C)=O)C[S]2=O)C(O)=O)/c3csc(N)n3,0,BBBP,source_mol_124,Source domain molecule from BBBP
[C@@]3(C1=CC=CS1)(N2CCCCC2)[C@H](CCCC3)C,1,BBBP,source_mol_125,Source domain molecule from BBBP
FC(F)(F)c1ccc2Sc3ccccc3N(CCCN4CCN(CC4)C5CC5)c2c1,1,BBBP,source_mol_126,Source domain molecule from BBBP
C3=C(C1=C2C(=NC(=O)CN1O)C=CC(=C2)Cl)C=CC=C3,1,BBBP,source_mol_127,Source domain molecule from BBBP
[H+].C1=CC=CC2=C1[S](=O)(=O)N(C2=O)CCCCN4CCN(C3=NC=CC=N3)CC4.[Cl-],1,BBBP,source_mol_128,Source domain molecule from BBBP
C1=CC(=CC=C1C23C(C(=O)NC2=O)C3)Cl,1,BBBP,source_mol_129,Source domain molecule from BBBP
C(C(C1(C(NC(=O)NC1=O)=O)C=C)C)CC,1,BBBP,source_mol_130,Source domain molecule from BBBP
[Na+].[O-][S](=O)(=O)CCS,0,BBBP,source_mol_131,Source domain molecule from BBBP
CCC(C(=O)NC\C=C\C=C(/C)C(OC)C(C)C1OC(\C=C\C=C\C=C(/C)C(=O)C2=C(O)N(C)C=CC2=O)C(O)C1O)C3(O)OC(\C=C\C=C\C)C(C)(C)C(OC4OC(C)C(OC5OC(C)C(OC)C(O)C5OC)C(OC)C4O)C3O,0,BBBP,source_mol_132,Source domain molecule from BBBP
C1=CC=CC=C1C(C(OC2CC3N(C)C(C2)CC3)=O)(CO)C,1,BBBP,source_mol_133,Source domain molecule from BBBP
C1=C2C(=CC=C1)OC(CCCl)NC2=O,1,BBBP,source_mol_134,Source domain molecule from BBBP
OC(=O)C1=CC(=O)c2ccccc2N1,1,BBBP,source_mol_135,Source domain molecule from BBBP
C1=CC=CC2=C1CN(CC(N)=O)C(O2)=O,1,BBBP,source_mol_136,Source domain molecule from BBBP
c1ccc([C@H](C[N@]2CC[C@H](C2)O)N(C(Cc2ccccc2N)=O)C)cc1,0,BBBP,source_mol_137,Source domain molecule from BBBP
C1=CC=CC3=C1SC2=C(C=CC=C2)C=C3CN(C)C,1,BBBP,source_mol_138,Source domain molecule from BBBP
C2=C(C(C1=CC=CC=C1)(OCCN(C)C)C)C=CC(=C2)Cl,1,BBBP,source_mol_139,Source domain molecule from BBBP
C(C1CCCCC1)NN,1,BBBP,source_mol_140,Source domain molecule from BBBP
[C@H](C(NCCCC(O)=O)=O)(C(CO)(C)C)O,1,BBBP,source_mol_141,Source domain molecule from BBBP
C1=CC(=CC=C1N3CCN(CC(O)COC2(CCCCC2)C#C)CC3)F,1,BBBP,source_mol_142,Source domain molecule from BBBP
[C@H](C1=CC=CC=C1)([C@@H]2CNCCO2)OC3=CC=CC=C3OCC,1,BBBP,source_mol_143,Source domain molecule from BBBP
c1c(nccc1)CCN(C)C,1,BBBP,source_mol_144,Source domain molecule from BBBP
C1=CC(=CC=C1B2OCC(CCC)(C)CO2)C,1,BBBP,source_mol_145,Source domain molecule from BBBP
NCc1ccccc1CC(=O)N[C@H]2[C@H]3SCC(=C(N3C2=O)C(O)=O)CSc4nnnn4CC(O)=O,0,BBBP,source_mol_146,Source domain molecule from BBBP
C1=C(C(COC(N)=O)COC(N)=O)C=CC=C1,1,BBBP,source_mol_147,Source domain molecule from BBBP
C1=CC(=CC=C1CNC(C(C)C)CCCCCC(O)=O)F,1,BBBP,source_mol_148,Source domain molecule from BBBP
[C@H]4(CC3C2=C1C(=C[N](C1=CC=C2)C(C)C)CC3N(C4)C)C(NC5CCCCC5)=O,1,BBBP,source_mol_149,Source domain molecule from BBBP
[C@]34([C@H]([C@H]2[C@@H]([C@@]1(C(=CC(=O)CC1)CC2)C)C(C3)=O)CC[C@@]4(C(COC(C)=O)=O)O)C,1,BBBP,source_mol_150,Source domain molecule from BBBP
C1=C(O)C=CC3=C1C24C(C(NCC2)C3)CCCC4,1,BBBP,source_mol_151,Source domain molecule from BBBP
C1=C(C=CC3=C1N(CCCN2CCN(CC2)C)C4=C(S3)C=CC=C4)C(F)(F)F,1,BBBP,source_mol_152,Source domain molecule from BBBP
C1=CC=CC=C1N(C3(CCN(CCC2=CC=CC=C2)CC3)C(OC)=O)C(CC)=O,1,BBBP,source_mol_153,Source domain molecule from BBBP
C1=CC=C(C(=C1C)C(NC2=NOC(=C2)C)=O)C,1,BBBP,source_mol_154,Source domain molecule from BBBP
CN1CCN(CC1)CC(=O)N2c3ccccc3C(=O)Nc4cccnc24,1,BBBP,source_mol_155,Source domain molecule from BBBP
COc1cc(cc(OC)c1O)[C@H]2[C@@H]3C(COC3=O)[C@H](O[C@@H]4O[C@@H]5CO[C@@H](C)O[C@H]5[C@H](O)[C@H]4O)c6cc7OCOc7cc26,0,BBBP,source_mol_156,Source domain molecule from BBBP
CO\N=C(C(=O)N[C@H]1[C@H]2SCC(=C(N2C1=O)C(O)=O)CSc3sc(CC(O)=O)c(C)n3)/c4csc(N)n4,0,BBBP,source_mol_157,Source domain molecule from BBBP
C2=C(C1(C(NC(=O)CN1)=O)CC)C=CC=C2,1,BBBP,source_mol_158,Source domain molecule from BBBP
C1=CC=CC=C1C2(C(N(CC)C)=O)CCN(CCCCCC)CC2,1,BBBP,source_mol_159,Source domain molecule from BBBP
[C@H]34[C@H]2[C@@]([C@@]1(C(=CC(=O)C=C1)CC2)C)([C@@H](O)C[C@@]3([C@](C(COC(C)=O)=O)(O)[C@H](C4)C)C)F,1,BBBP,source_mol_160,Source domain molecule from BBBP
CCCNCC(O)COc1ccccc1C(=O)CCc2ccccc2,0,BBBP,source_mol_161,Source domain molecule from BBBP
C1=CC(=CC(=C1OC)OC)CCN2CCN(CC2)C3=CC(=CC=C3)Cl,1,BBBP,source_mol_162,Source domain molecule from BBBP
C1=C(C(=CC=C1)OC)OCC2CNC(O2)=O,1,BBBP,source_mol_163,Source domain molecule from BBBP
CC[C@H]1OC(=O)[C@H](C)[C@@H](O[C@H]2C[C@@](C)(OC)[C@@H](O)[C@H](C)O2)[C@H](C)[C@@H](O[C@@H]3O[C@H](C)C[C@@H]([C@H]3O)N(C)C)[C@](C)(O)C[C@@H](C)C(=O)[C@H](C)[C@@H](O)[C@]1(C)O,0,BBBP,source_mol_164,Source domain molecule from BBBP
OC(=O)C1=CN(C2CC2)c3cc(N4CCNCC4)c(F)cc3C1=O,0,BBBP,source_mol_165,Source domain molecule from BBBP
CN(C)CCCN1c2ccccc2CCc3ccc(Cl)cc13,1,BBBP,source_mol_166,Source domain molecule from BBBP
C2=C(\C(NCCCC(=O)N)=C/1C=C(F)C=CC1=O)C=CC(=C2)Cl,1,BBBP,source_mol_167,Source domain molecule from BBBP
[C@]34([C@H]([C@H]2[C@@H]([C@@]1(C(=CC(=O)CC1)CC2)C)[C@@H](O)C3)CC[C@]4(O)C(=O)COC(=O)CCC(O)=O)C.O,1,BBBP,source_mol_168,Source domain molecule from BBBP
C1=CC=CC=C1C3(C2=CC=CC=C2)CCN(C(C)(C)C)CC3,1,BBBP,source_mol_169,Source domain molecule from BBBP
CNC[C@H](O)c1ccc(O)c(O)c1,0,BBBP,source_mol_170,Source domain molecule from BBBP
[Na+].CCOc1ccc2ccccc2c1C(=O)N[C@H]3[C@H]4SC(C)(C)[C@@H](N4C3=O)C([O-])=O,0,BBBP,source_mol_171,Source domain molecule from BBBP
C2=C(C(C1=CC=CC=C1)[S](CC(N)=O)=O)C=CC=C2,1,BBBP,source_mol_172,Source domain molecule from BBBP
[C@@H](N)(C(OCC(OC[N]1C2=C(N=C1)C(=O)N=C(N2)N)CO)=O)C(C)C,1,BBBP,source_mol_173,Source domain molecule from BBBP
[H+].C1=C(OCC(=O)NCCN(CC)CC)C=CC(=C1)OC.[Cl-],1,BBBP,source_mol_174,Source domain molecule from BBBP
COc1ccc2nccc([C@@H](O)[C@@H]3C[C@H]4CCN3C[C@@H]4C=C)c2c1,0,BBBP,source_mol_175,Source domain molecule from BBBP
CN1C(=O)CC(=O)N(c2ccccc2)c3cc(Cl)ccc13,1,BBBP,source_mol_176,Source domain molecule from BBBP
OCCN1CCN(CCCN2c3ccccc3Sc4ccc(Cl)cc24)CC1,1,BBBP,source_mol_177,Source domain molecule from BBBP
CC1CCCC1,1,BBBP,source_mol_178,Source domain molecule from BBBP
[H+].C1=NC3=C([N]1CCNC(CC2=CC=CC=C2)C)C(=O)N(C(=O)N3C)C.[Cl-],1,BBBP,source_mol_179,Source domain molecule from BBBP
NC(Cc1ccc(cc1)N(CCCl)CCCl)C(O)=O,0,BBBP,source_mol_180,Source domain molecule from BBBP
CC(=O)S[C@@H]1CC2=CC(=O)CC[C@]2(C)[C@H]3CC[C@@]4(C)[C@@H](CC[C@@]45CCC(=O)O5)[C@H]13,0,BBBP,source_mol_181,Source domain molecule from BBBP
C1=C(Cl)C=NC2=C1SC4=C(N2CCCN3CCN(CCO)CC3)C=CC=C4,1,BBBP,source_mol_182,Source domain molecule from BBBP
[C@H](C1=CC(=CC=C1)OC(N(CC)C)=O)(N(C)C)C,1,BBBP,source_mol_183,Source domain molecule from BBBP
C4=C(C3=C(CCN2CCN(C1=C(C=CC=C1)OC)CC2)OC(N3)=O)C=CC(=C4)F,1,BBBP,source_mol_184,Source domain molecule from BBBP
CCC(=O)OC1CC(=O)OC(C)C\C=C\C=C/C(O)C(C)CC(CC=O)C(O[C@@H]2O[C@H](C)[C@@H](O[C@H]3C[C@@](C)(O)[C@H](OC(=O)CC)[C@@H](C)O3)[C@@H]([C@H]2O)N(C)C)C1OC,0,BBBP,source_mol_185,Source domain molecule from BBBP
COc1ccc2C[C@H]3N(C)CC[C@@]45[C@@H](Oc1c24)C(=O)CC[C@@]35O,1,BBBP,source_mol_186,Source domain molecule from BBBP
CN(C)c1cnccn1,1,BBBP,source_mol_187,Source domain molecule from BBBP
c1ccc2Oc3c(cc(cc3)Cl)[C@@H]3[C@@H](c2c1)CNCC3,1,BBBP,source_mol_188,Source domain molecule from BBBP
CC1C2Cc3ccc(O)cc3C1(C)CCN2CC4CC4,1,BBBP,source_mol_189,Source domain molecule from BBBP
Nc1nc(N)c2nc(c3ccccc3)c(N)nc2n1,0,BBBP,source_mol_190,Source domain molecule from BBBP
CC1=C(N2[C@H](SC1)[C@H](NC(=O)[C@H](N)c3ccc(O)c(Cl)c3)C2=O)C(O)=O,0,BBBP,source_mol_191,Source domain molecule from BBBP
CC1(C)S[C@@H]2[C@H](NC(=O)[C@H](NC(=O)NC3=CN=C(NC3=O)Nc4ccc(cc4)[S](N)(=O)=O)c5ccc(O)cc5)C(=O)N2[C@H]1C(O)=O,0,BBBP,source_mol_192,Source domain molecule from BBBP
C1=CC=CC2=C1C3N(CC2)CCNC3,1,BBBP,source_mol_193,Source domain molecule from BBBP
OC[C@H]1O[C@H](C[C@@H]1O)N2C=C(F)C(=O)NC2=O,0,BBBP,source_mol_194,Source domain molecule from BBBP
Cc1ccc(cc1)C2(O)CCN(CCCC(=O)c3ccc(F)cc3)CC2,1,BBBP,source_mol_195,Source domain molecule from BBBP
C(C1(C(CCC)CC)C(NC(=O)NC1=O)=O)C,1,BBBP,source_mol_196,Source domain molecule from BBBP
C1=C(OC)C=CC2=C1C4=C3[N]2CCN(C3=NCC4)C,1,BBBP,source_mol_197,Source domain molecule from BBBP
FC(F)OC(F)(F)C(F)Cl,1,BBBP,source_mol_198,Source domain molecule from BBBP
C[C@](N)(Cc1ccc(O)c(O)c1)C(O)=O,0,BBBP,source_mol_199,Source domain molecule from BBBP
CN(N=O)C(=O)N[C@H]1[C@@H](O)O[C@H](CO)[C@@H](O)[C@@H]1O,0,BBBP,source_mol_200,Source domain molecule from BBBP
Nc1scc(n1)\C(=N\O)C(=O)N[C@H]2[C@H]3SCC(=C(N3C2=O)C(O)=O)C=C,0,BBBP,source_mol_201,Source domain molecule from BBBP
[C@@]4([C@@]3([C@H]([C@H]2[C@@H]([C@@]1(C(=CC(=O)CC1)CC2)C)[C@H](C3)O)CC4)C)(C(COC(C)=O)=O)OC(CC)=O,1,BBBP,source_mol_202,Source domain molecule from BBBP
C1=CC(=CC2=C1[N](C4=C2CN(CCCC(C3=CC=C(C=C3)F)O)CC4)C5=CC=C(F)C=C5)F,1,BBBP,source_mol_203,Source domain molecule from BBBP
[C@]12(OC(O[C@@H]1CC3C2(C[C@H](Cl)[C@@]4(Cl)C3C[C@H](F)C5=CC(=O)C=CC45C)C)(C)C)C(=O)CF,1,BBBP,source_mol_204,Source domain molecule from BBBP
C1=CC=CC3=C1C(C2=C(C=CC=C2)C=C3)C(N)=O,1,BBBP,source_mol_205,Source domain molecule from BBBP
c1(ccc(c(c1)Cl)Cl)CC(N1[C@H](C[N@@]2C[C@@H](CC2)O)c2c(CC1)[nH]cn2)=O,0,BBBP,source_mol_206,Source domain molecule from BBBP
C1=CC=CC=C1C(NN)C,1,BBBP,source_mol_207,Source domain molecule from BBBP
C1=NC(=NC=C1)N4CCN(CCCCN2C(CC3(CC2=O)CCCC3)=O)CC4,1,BBBP,source_mol_208,Source domain molecule from BBBP
NC1=NC(=O)c2ncn(COC(CO)CO)c2N1,0,BBBP,source_mol_209,Source domain molecule from BBBP
[C@]14([C@H]([C@H]3[C@](F)([C@@H](O)C1)[C@@]2(C(=CC(=O)C=C2)CC3)C)C[C@@H]6[C@]4(CC5=CC=CC=C5C6)C(=O)CO)C.O,1,BBBP,source_mol_210,Source domain molecule from BBBP
CC(C)C(=O)OCc1cccc(OC(=O)[C@@H]2N3[C@H](SC2(C)C)[C@H](NC(=O)Cc4ccccc4)C3=O)c1,0,BBBP,source_mol_211,Source domain molecule from BBBP
CN1CCN(CC/C=C/2c3ccccc3Sc4ccc(cc24)[S](=O)(=O)N(C)C)CC1,1,BBBP,source_mol_212,Source domain molecule from BBBP
C2=N[N]1C(=CC=NC1=C2C#N)C3=CC(=CC=C3)N(C(C)=O)CC,1,BBBP,source_mol_213,Source domain molecule from BBBP
C2=C(C1=CC=CC=C1)N=C4C(=C2CCC3CCNCC3)C=CC=C4,1,BBBP,source_mol_214,Source domain molecule from BBBP
C3=C(C(C2CCN(CCCC(C1=CC=C(F)C=C1)=O)CC2)=O)C=CC(=C3)Cl,1,BBBP,source_mol_215,Source domain molecule from BBBP
[C@@H]34CC1=C[NH]C2=CC=CC(=C12)C3C[C@@H](CN4C)CC#N,1,BBBP,source_mol_216,Source domain molecule from BBBP
CN1C(=O)CN=C(c2ccccc2)c3cc(Cl)ccc13,1,BBBP,source_mol_217,Source domain molecule from BBBP
CO/N=C(C(=O)N[C@H]1[C@H]2SCC(=C(N2C1=O)C(O)=O)CSC(=O)c3occc3)/c4csc(N)n4,0,BBBP,source_mol_218,Source domain molecule from BBBP
C1=CC=CC=C1CC(N2CCCC2)CCC,1,BBBP,source_mol_219,Source domain molecule from BBBP
C1=C(Cl)C=CC2=C1C(=NCC(N2CC[S](CC)(=O)=O)=O)C3=CC=CC=C3F,1,BBBP,source_mol_220,Source domain molecule from BBBP
C1=CC=CC2=C1[N]3C(=C2)CNCCC3,1,BBBP,source_mol_221,Source domain molecule from BBBP
O=C1N(CCC1)CCCCN2CCN(CC2)c3cc(C(F)(F)F)ccn3,1,BBBP,source_mol_222,Source domain molecule from BBBP
C[C@]12CC[C@H]3[C@@H](CCc4cc(O)ccc34)[C@@H]1CC[C@@]2(O)C#C,0,BBBP,source_mol_223,Source domain molecule from BBBP
C1=C([N+](=O)[O-])C=CC2=C1C(=NCC(N2COC)=O)C3=CC=CC=C3,1,BBBP,source_mol_224,Source domain molecule from BBBP
NNC(=O)c1ccncc1,0,BBBP,source_mol_225,Source domain molecule from BBBP
CC[C@@H](CO)NCCN[C@@H](CC)CO,0,BBBP,source_mol_226,Source domain molecule from BBBP
CN(C)CCOC(=O)COc1ccc(Cl)cc1,1,BBBP,source_mol_227,Source domain molecule from BBBP
C1=C(C(=CC=C1C)CC2=CC=CC=C2)N3CCNCC3,1,BBBP,source_mol_228,Source domain molecule from BBBP
C1=C(Cl)C=CC3=C1N(C2=CC=CC=C2)C(CCN3C(OCC)=O)=O,1,BBBP,source_mol_229,Source domain molecule from BBBP
CC(C)O,1,BBBP,source_mol_230,Source domain molecule from BBBP
NC(CO)(CO)CO,0,BBBP,source_mol_231,Source domain molecule from BBBP
[Na+].C[C@@H](O)[C@@H]1[C@H]2SC(=C(N2C1=O)C([O-])=O)COC(N)=O,0,BBBP,source_mol_232,Source domain molecule from BBBP
CN(C)[C@H]1[C@@H]2[C@@H](O)[C@@H]3C(=C)c4cccc(O)c4C(=C3C(=O)[C@]2(O)C(=O)\C(=C(N)/O)C1=O)O,0,BBBP,source_mol_233,Source domain molecule from BBBP
C1=CC(=CC=C1NCCC(N(C)C)=O)Br,1,BBBP,source_mol_234,Source domain molecule from BBBP
[C@H]13N([C@H](CC(C1)NC(C2=CC=CC(=C2OC)OC)=O)CC3)CC4=CC=CC=C4,1,BBBP,source_mol_235,Source domain molecule from BBBP
C(C(C(NC(N)=O)=O)(CC)Br)C,1,BBBP,source_mol_236,Source domain molecule from BBBP
CCCC(CCC)C(O)=O,1,BBBP,source_mol_237,Source domain molecule from BBBP
C(C(C4(C3(C(C2C(C1(C(=CC(=O)C=C1)CC2)C)C(C3)O)CC4)C)O)=O)OC(CN(CC)CC)=O,1,BBBP,source_mol_238,Source domain molecule from BBBP
C1=C(C)ON=C1C(NNCC2=CC=CC=C2)=O,1,BBBP,source_mol_239,Source domain molecule from BBBP
CC(C)(C)NCC(O)COc1cccc2C[C@@H](O)[C@@H](O)Cc12,1,BBBP,source_mol_240,Source domain molecule from BBBP
CNC2CCC(c1ccccc1)c3ccccc23,1,BBBP,source_mol_241,Source domain molecule from BBBP
C1=C(Cl)C=CC(=C1N2CCN(CCCNC(C)=O)CC2)Cl,1,BBBP,source_mol_242,Source domain molecule from BBBP
CN(C)Cc1ccnc(c2cccc(NC3C([N+]([O-])=O)=CC=N3)c2)c1,1,BBBP,source_mol_243,Source domain molecule from BBBP
CN1C(CCl)Nc2cc(Cl)c(cc2[S]1(=O)=O)[S](N)(=O)=O,0,BBBP,source_mol_244,Source domain molecule from BBBP
CNCCCC1c2ccccc2C=Cc3ccccc13,1,BBBP,source_mol_245,Source domain molecule from BBBP
C2=C(C(C1=CC=CC=C1)(CC(NNC(C)=O)=O)O)C=CC=C2,1,BBBP,source_mol_246,Source domain molecule from BBBP
CO[C@@H]1[C@@H](OC(N)=O)[C@@H](O)[C@H](Oc2ccc3C(=O)C(=C(O)Oc3c2C)NC(=O)c4ccc(O)c(CC=C(C)C)c4)OC1(C)C,0,BBBP,source_mol_247,Source domain molecule from BBBP
C1=C(N=C2[N]1C(=C(CC)C(=N2)OC)C)C(C3=CC=CC=C3)=O,1,BBBP,source_mol_248,Source domain molecule from BBBP
CN1C(=O)N(C)c2ncn(CCNCC(O)c3ccc(O)c(O)c3)c2C1=O,0,BBBP,source_mol_249,Source domain molecule from BBBP
C1=CC=CC2=C1C(C(N2CC(N)=O)=O)C3=CC=CC=C3,1,BBBP,source_mol_250,Source domain molecule from BBBP
CNCC(O)c1ccc(OC(=O)C(C)(C)C)c(OC(=O)C(C)(C)C)c1,0,BBBP,source_mol_251,Source domain molecule from BBBP
OCC(O)C(O)C(O)C(O)CO,0,BBBP,source_mol_252,Source domain molecule from BBBP
C1C(Nc2c1c(ccc2)CCN(CCC)CCC)=O,1,BBBP,source_mol_253,Source domain molecule from BBBP
OC(=O)CCCCCCCC(O)=O,0,BBBP,source_mol_254,Source domain molecule from BBBP
CN1C(=C(\O)Nc2cc(C)on2)/C(=O)c3ccccc3[S]1(=O)=O,0,BBBP,source_mol_255,Source domain molecule from BBBP
CCOc1ccc(NC(C)=O)cc1,0,BBBP,source_mol_256,Source domain molecule from BBBP
[C@H]23[C@@]([C@@]1(O[C@@H](O[C@@H]1C2)CCC)C(=O)CO)(C[C@H](O)[C@@]4(F)[C@H]3C[C@H](F)C5=CC(=O)CC[C@]45C)C,1,BBBP,source_mol_257,Source domain molecule from BBBP
[H+].C1=C(OC(F)(F)F)C=CC2=C1SC(=N2)N.[Cl-],1,BBBP,source_mol_258,Source domain molecule from BBBP
[C@]4([C@@]3([C@H]([C@H]2[C@@H]([C@@]1(C(=CC(=O)C=C1)CC2)C)[C@H](C3)O)CCC4)C)(OC(CCC)=O)C(C)=O,1,BBBP,source_mol_259,Source domain molecule from BBBP
C2=C(C(NNC(C1=CC=CC=C1)=O)C)C=CC=C2,1,BBBP,source_mol_260,Source domain molecule from BBBP
C2=C(C(C1C(=CC(O1)=O)OC)O)C(=CC=C2)Cl,1,BBBP,source_mol_261,Source domain molecule from BBBP
[H+].C1=CC=NC(=N1)N2CCN(CC2)CCCCN3C(=O)CC(CC3=O)(C)C.[Cl-],1,BBBP,source_mol_262,Source domain molecule from BBBP
C1=C(C#N)C=CC3=C1C4=C(C2=C(C=CC=C2)S3)CCN(CC4)C,1,BBBP,source_mol_263,Source domain molecule from BBBP
C1=C(C2=C(C=C1)OCCO2)N3CCNCC3,1,BBBP,source_mol_264,Source domain molecule from BBBP
C1=CC=CC2=C1C(C3=C(CC2)C=CC=C3)OC4CCN(C)CC4,1,BBBP,source_mol_265,Source domain molecule from BBBP
c1ccc2nc(c(c(C(N[C@@H](CC)c3ccccc3)=O)c2c1)O)c1ccccc1,1,BBBP,source_mol_266,Source domain molecule from BBBP
C1=C(C(C(CCCCC)C)C)C=C(C2=C1OC(C3=C2CC(C)CC3)(C)C)OC(CCCN4CCCCCC4)=O,1,BBBP,source_mol_267,Source domain molecule from BBBP
COC(=O)C1=C(C)NC(=C(C1c2cccc(c2)[N+]([O-])=O)C(=O)OCCN(C)Cc3ccccc3)C,0,BBBP,source_mol_268,Source domain molecule from BBBP
C[C@H]1C[C@H]2[C@@H]3CC[C@](O)(C(=O)CO)[C@@]3(C)C[C@H](O)[C@@H]2[C@@]4(C)C=CC(=O)C=C14,0,BBBP,source_mol_269,Source domain molecule from BBBP
C2=C(C1(C(N(C(=O)N(C1=O)COC)COC)=O)CC)C=CC=C2,1,BBBP,source_mol_270,Source domain molecule from BBBP
C1=CC=CC=C1C(C2=CC=CC=C2)(C(CC)=O)CC(N(C)C)C,1,BBBP,source_mol_271,Source domain molecule from BBBP
CC4CC3C2CC(F)C1=CC(=O)C=CC1(C)C2(F)C(O)CC3(C)C4(O)C(=O)SCF,1,BBBP,source_mol_272,Source domain molecule from BBBP
CCNC(=NC#N)NCCSCc1c(cccn1)Br,0,BBBP,source_mol_273,Source domain molecule from BBBP
C1=C(Cl)C=CC2=C1C(=NCC(N2CCOCC3CC3)=O)C4=CC=CC=C4,1,BBBP,source_mol_274,Source domain molecule from BBBP
c12c(nc([nH]1)NC(OC)=O)cc(SCCC)cc2,1,BBBP,source_mol_275,Source domain molecule from BBBP
O.N[C@@H](C(=O)NC1C2CCC(=C(N2C1=O)C(O)=O)Cl)c3ccccc3,0,BBBP,source_mol_276,Source domain molecule from BBBP
c1ccc(C(NCCCOc2cc(CN3CCCCC3)ccc2)=O)cc1,1,BBBP,source_mol_277,Source domain molecule from BBBP
C1=CC=CC=C1C(OC2=CC=CC=C2OC)CCNC,1,BBBP,source_mol_278,Source domain molecule from BBBP
OCc1ncc2CN=C(c3ccccc3F)c4cc(Cl)ccc4n12,1,BBBP,source_mol_279,Source domain molecule from BBBP
[C@H](C(=O)OC1=CC=C(C=C1)NC(=O)C)(NC(=O)C)CCSC,1,BBBP,source_mol_280,Source domain molecule from BBBP
CC(C(C(NC(N)=O)=O)Br)C,1,BBBP,source_mol_281,Source domain molecule from BBBP
CCC1(C(=O)NCNC1=O)c2ccccc2,1,BBBP,source_mol_282,Source domain molecule from BBBP
NCCc1ccc(O)c(O)c1,0,BBBP,source_mol_283,Source domain molecule from BBBP
CN(C)C1C2CC3C(=C(O)c4c(O)cccc4C3(C)O)C(=O)C2(O)C(=O)\C(=C(/O)NCN5CCN(CC5)C(=N)N=C(N)N)C1=O,0,BBBP,source_mol_284,Source domain molecule from BBBP
[H+].C3=C(C(=C1CCN(C1)CC)C2=CC=CC=C2)C=CC=C3.[Cl-],1,BBBP,source_mol_285,Source domain molecule from BBBP
COc1cc(cc(OC)c1O)[C@H]2[C@@H]3[C@H](COC3=O)[C@H](OC4OC5COC(OC5C(O)C4O)c6sccc6)c7cc8OCOc8cc27,1,BBBP,source_mol_286,Source domain molecule from BBBP
[C@H]23OC1=C(OC(=O)C)C=CC6=C1C25C4(C[C@@H](C3(OC)C=C4)[C@](O)(CCC)C)C(N(CC5)C)C6,1,BBBP,source_mol_287,Source domain molecule from BBBP
[C@@]4([C@@]3([C@H]([C@H]2[C@@H]([C@@]1(C(=CC(=O)CC1)CC2)C)[C@H](C3)O)CC4)C)(C(COC(CC)=O)=O)OC(CCC)=O,1,BBBP,source_mol_288,Source domain molecule from BBBP
C(C1(C(NC(=S)NC1=O)=O)C(CCC)C)CSC,1,BBBP,source_mol_289,Source domain molecule from BBBP
CSC(=O)C3(O)C(C)CC4C2CCC1=CC(=O)C=CC1(C)C2(F)C(O)CC34C,1,BBBP,source_mol_290,Source domain molecule from BBBP
C1=CC=CC2=C1N(CC3=C(C2=C)C=CC=C3)CCCN(C)C,1,BBBP,source_mol_291,Source domain molecule from BBBP
CC(C)NCC(O)c1ccc(N[S](C)(=O)=O)cc1,1,BBBP,source_mol_292,Source domain molecule from BBBP
CCOC(OCC)C(=O)OCC(=O)C1(O)CC(OC2CC(N)C(O)C(C)O2)c3c(O)c4C(=O)c5c(OC)cccc5C(=O)c4c(O)c3C1,0,BBBP,source_mol_293,Source domain molecule from BBBP
[C@H]12C([C@@](O)(CC1)C#C)(CC[C@H]3C2CCC4=CC5=C(CC34C)C=N[N]5C6=CC=C(F)C=C6)C,1,BBBP,source_mol_294,Source domain molecule from BBBP
CCSc1ccc2Sc3ccccc3N(CCCN4CCN(C)CC4)c2c1,1,BBBP,source_mol_295,Source domain molecule from BBBP
C2=C(C(C(N1CCCC1)CCC)=O)C=CC(=C2)C,1,BBBP,source_mol_296,Source domain molecule from BBBP
CC(C)(C)C(=O)OCOC(=O)[C@@H]1N2[C@H](SC1(C)C)[C@H](NC(=O)[C@H](N)c3ccccc3)C2=O,0,BBBP,source_mol_297,Source domain molecule from BBBP
OCCOCCN1CCN(CC1)C(c2ccccc2)c3ccc(Cl)cc3,1,BBBP,source_mol_298,Source domain molecule from BBBP
CC4CN(CCCn2c1ccccc1c3ccccc23)CC(C)N4,1,BBBP,source_mol_299,Source domain molecule from BBBP
CO[C@H]1[C@@H](O)[C@H](N)[C@@H](O[C@H]2O[C@@H](CC[C@H]2N)C(C)N)[C@H](O)[C@@H]1N(C)C(=O)CN,0,BBBP,source_mol_300,Source domain molecule from BBBP
[Cl-].CN[C@H]1CC[C@@H](c2ccc(Cl)c(Cl)c2)c3ccccc13.[H+],1,BBBP,source_mol_301,Source domain molecule from BBBP
C(C1(C(NC(=O)NC1=O)=O)CCCC)COC(N)=O,1,BBBP,source_mol_302,Source domain molecule from BBBP
C=COC=C,1,BBBP,source_mol_303,Source domain molecule from BBBP
CN(C)Cc1oc(CSCCNC2C([N+]([O-])=O)=CC=N2)cc1,0,BBBP,source_mol_304,Source domain molecule from BBBP
CC(=O)[C@H]1CC[C@H]2[C@@H]3CC[C@@H]4C[C@H](O)CC[C@]4(C)[C@H]3CC[C@]12C,1,BBBP,source_mol_305,Source domain molecule from BBBP
C1=CC=CC3=C1C(=NC2=C(C=CC(=C2)F)C3)N4CCN(C)CC4,1,BBBP,source_mol_306,Source domain molecule from BBBP
[C@@]4(OC(=O)CCCC)(C3(C(C2C(C1(C(=CC(=O)C=C1)C(F)C2)C)C(O)C3)CC4)C)C(=O)CO,1,BBBP,source_mol_307,Source domain molecule from BBBP
C1=CC=CC(=C1N2CCN(C)CC2)CC3=CC=CC=C3,1,BBBP,source_mol_308,Source domain molecule from BBBP
C1=CC=CC=C1CC(N(CC2=CC=CO2)C)C,1,BBBP,source_mol_309,Source domain molecule from BBBP
NC(=O)OC1(CCCCC1)C#C,1,BBBP,source_mol_310,Source domain molecule from BBBP
C1=C([N](C(=C1C=O)C)CCNC(C)=O)C,1,BBBP,source_mol_311,Source domain molecule from BBBP
ClC1=CC=C(C2=C1)SC3=C(N2CCCNC)C=CC=C3,1,BBBP,source_mol_312,Source domain molecule from BBBP
C1=C(C(=CC=C1C2CNC(C2)=O)OC)OC3CCCC3,1,BBBP,source_mol_313,Source domain molecule from BBBP
C[C@@H]1CC2=C(CCC(=O)C2)[C@H]3CC[C@@]4(C)[C@@H](CC[C@@]4(O)C#C)[C@H]13,1,BBBP,source_mol_314,Source domain molecule from BBBP
CC(N)Cc1ccccc1,1,BBBP,source_mol_315,Source domain molecule from BBBP
COc1ccc(cc1O)C2=CC(=O)c3c(O)cc(O[C@@H]4O[C@H](CO[C@@H]5O[C@@H](C)[C@H](O)[C@@H](O)[C@H]5O)[C@@H](O)[C@H](O)[C@H]4O)cc3O2,0,BBBP,source_mol_316,Source domain molecule from BBBP
OC12c3c(Oc4c(C)cccc4C2CN(CC1)C)cccc3,1,BBBP,source_mol_317,Source domain molecule from BBBP
C1=CSC2=C1C(C3=C(CC2)C=CC=C3)=C4CCN(CC4)C,1,BBBP,source_mol_318,Source domain molecule from BBBP
CC(C(C(OC(N)=O)C)C)OC(N)=O,1,BBBP,source_mol_319,Source domain molecule from BBBP
[C@@]135C67[C@@H](N(CC1)CC2CC2)CC4=CC=C(O)C(=C34)O[C@@H]5C(OC)(C(C6)C(O)(C)C)C=C7,1,BBBP,source_mol_320,Source domain molecule from BBBP
C[C@@H](O)[C@@H]1[C@H]2SC(=C(N2C1=O)C(O)=O)SC3CC[S](=O)C3,0,BBBP,source_mol_321,Source domain molecule from BBBP
C1=C(C2=C(C(=C1)OC)CCCC2N(C)C)Cl,1,BBBP,source_mol_322,Source domain molecule from BBBP
C2=C(CN(C(=C(SC(=O)C1=CC=CO1)\CCOC(=O)COC(=O)C)/C)C=O)C(=NC(=N2)C)N,1,BBBP,source_mol_323,Source domain molecule from BBBP
C1=C(C(F)(F)F)C=CC3=C1N(C2=C(C=CC=C2)S3)CCCN4CCN(CCO)CCC4,1,BBBP,source_mol_324,Source domain molecule from BBBP
CCCC(C)C1(CC)C(=O)NC(=O)NC1=O,1,BBBP,source_mol_325,Source domain molecule from BBBP
[C@H]26[C@H]1[C@@]([C@](C(COC(C)=O)=O)(O)[C@@H](C1)C)(C[C@@H]([C@@H]2[C@@]3(C(=CC4=C(C3)C=N[N]4C5=CC=CC=C5)C(=C6)C)C)O)C,1,BBBP,source_mol_326,Source domain molecule from BBBP
[C@H]12[C@@H](OC(C(CC)(C)C)=O)C[C@@H](C)C=C1C=C[C@@H]([C@@H]2CC[C@@H]3C[C@H](CC(O3)=O)O)C,1,BBBP,source_mol_327,Source domain molecule from BBBP
C1=C(Cl)C=CC3=C1\C(C2=C(C=CC=C2)S3)=C\C4C5CCN(C4)CC5,1,BBBP,source_mol_328,Source domain molecule from BBBP
CCC(O)(COC(N)=O)c1ccccc1,1,BBBP,source_mol_329,Source domain molecule from BBBP
CNC(=O)CCN1CCN(CCC=C2c3ccccc3Sc3ccc(cc23)Cl)CC1,1,BBBP,source_mol_330,Source domain molecule from BBBP
C1=C(Cl)C=CC2=C1C(N(CC(=O)N2C)C(N)=O)C3=CC=CC=C3,1,BBBP,source_mol_331,Source domain molecule from BBBP
c1c2CCOc2c(cc1OC)CN[C@@H]1CCCN[C@H]1c1ccccc1,1,BBBP,source_mol_332,Source domain molecule from BBBP
[C@@H]34C1=CC=CC2=C1C(=C[NH]2)C[C@H]3N(C[C@H](C4)NC(N(CC)CC)=O)C,1,BBBP,source_mol_333,Source domain molecule from BBBP
[C@]14(C([C@H]3[C@H]([C@@H](O)C1)C2(C(=CC(=O)C=C2)[C@@H](F)C3)C)C[C@H]5OC(O[C@@]45C(=O)CO)(C)C)C.[C@]69(C([C@H]8[C@H]([C@@H](O)C6)C7(C(=CC(=O)C=C7)[C@@H](F)C8)C)C[C@H]%10OC(O[C@@]9%10C(=O)CO)(C)C)C.O,1,BBBP,source_mol_334,Source domain molecule from BBBP
OC(=O)\C=C/C(O)=O.OC(=O)\C=C/C(O)=O.C1CCN(CC1)Cc2cccc(OCCCNc3sc4ccccc4n3)c2,1,BBBP,source_mol_335,Source domain molecule from BBBP
C1=C(Cl)C=CC2=C1C(=NO2)C([N]3C=CN=C3)C,1,BBBP,source_mol_336,Source domain molecule from BBBP
CCC(=O)O[C@@](Cc1ccccc1)([C@H](C)CN(C)C)c2ccccc2,1,BBBP,source_mol_337,Source domain molecule from BBBP
c1cn(CCCO)c(C)c(O)c1=O,0,BBBP,source_mol_338,Source domain molecule from BBBP
CO[C@@H]([C@@H]1Cc2cc3cc(O[C@H]4C[C@@H](O[C@H]5C[C@@H](O)[C@H](O)[C@@H](C)O5)[C@H](O)[C@@H](C)O4)c(C)c(O)c3c(O)c2C(=O)[C@H]1O[C@H]6C[C@@H](O[C@H]7C[C@@H](O[C@H]8C[C@](C)(O)[C@H](O)[C@@H](C)O8)[C@H](O)[C@@H](C)O7)[C@H](O)[C@@H](C)O6)C(=O)[C@@H](O)[C@@H](C)O,1,BBBP,source_mol_339,Source domain molecule from BBBP
CC[N+](C)(CC)CCOC(=O)C1c2ccccc2Oc3ccccc13,0,BBBP,source_mol_340,Source domain molecule from BBBP
[Na+].[Na+].CC1(C)S[C@@H]2[C@H](NC(=O)[C@H](C([O-])=O)c3cscc3)C(=O)N2[C@H]1C([O-])=O,1,BBBP,source_mol_341,Source domain molecule from BBBP
[C@@]123OC4=C(C(C1CN(CC2)C)CC(=O)N3)C=C(Cl)C=C4,1,BBBP,source_mol_342,Source domain molecule from BBBP
C1=CC=CC=C1C2CN(C(NCCC)=O)C(O2)=O,1,BBBP,source_mol_343,Source domain molecule from BBBP
C1=CC(=CC=C1C3(CCN(CCCC(C2=CC=C(F)C=C2)=O)CC3)C(N(C)C)=O)Cl,1,BBBP,source_mol_344,Source domain molecule from BBBP
[C@]135[C@@]4([C@@H](CC2=C1C(=C(C=C2)O)O[C@H]3C(=O)C=C4)N(C)CC5)NCCCCC,1,BBBP,source_mol_345,Source domain molecule from BBBP
C1=C(Cl)C=CC2=C1C(=NCC(=S)N2C)C3=CC=CC=C3,1,BBBP,source_mol_346,Source domain molecule from BBBP
C3=C(C1=NCCN=C2N(NC(=C12)C)C)C=CC=C3Cl,1,BBBP,source_mol_347,Source domain molecule from BBBP
CCCCNC(=O)N[S](=O)(=O)c1ccc(C)cc1,0,BBBP,source_mol_348,Source domain molecule from BBBP
CC(=O)C1=C(O)[C@]2(O)[C@@H](Cc3c(C)c4ccc(C)c(O)c4c(O)c3C2=O)[C@@H](N)C1=O,0,BBBP,source_mol_349,Source domain molecule from BBBP
C1=CC(=CC4=C1N(C3CCN(CCNC(C2=CC=C(F)C=C2)=O)CC3)C(N4)=O)Cl,1,BBBP,source_mol_350,Source domain molecule from BBBP
C(C(COC(N)=O)(C(CC)C)C)OC(NC(C)C)=O,1,BBBP,source_mol_351,Source domain molecule from BBBP
Oc1ccc(cc1)C2(OC(=O)c3ccccc23)c4ccc(O)cc4,0,BBBP,source_mol_352,Source domain molecule from BBBP
CN(C)CCC(c1ccccc1)c2ccccn2,0,BBBP,source_mol_353,Source domain molecule from BBBP
C[N+](C)(C)CCO,1,BBBP,source_mol_354,Source domain molecule from BBBP
C1=CC(=CC=C1[S](NC2=NOC(=C2)C)(=O)=O)N,1,BBBP,source_mol_355,Source domain molecule from BBBP
CN1CCN(CC1)c2c(F)cc3C(=O)C(=CN4CCSc2c34)C(O)=O,0,BBBP,source_mol_356,Source domain molecule from BBBP
CC(CN1c2ccccc2Sc3ccccc13)N(C)C,1,BBBP,source_mol_357,Source domain molecule from BBBP
C[C@@H]1[C@H](O)CC[C@@]2(C)[C@H]1CC[C@@]3(C)[C@H]2[C@H](O)C[C@H]4\C([C@H](C[C@]34C)OC(C)=O)=C(/CCC=C(C)C)C(O)=O,0,BBBP,source_mol_358,Source domain molecule from BBBP
c1cc2c(C(N[C@@H](CC)c3ccccc3)=O)c(c(nc2cc1)c1ccccc1)OCCCN(C)C,1,BBBP,source_mol_359,Source domain molecule from BBBP
CC(NC(C)(C)C)C(=O)c1cccc(Cl)c1,1,BBBP,source_mol_360,Source domain molecule from BBBP
[C@H]12C(C3=C(C[C@@H]1CCN(C2)C)[NH]C(=C3CC)C)=O,1,BBBP,source_mol_361,Source domain molecule from BBBP
COc1ccc(CN(CCN(C)C)c2ccccn2)cc1,0,BBBP,source_mol_362,Source domain molecule from BBBP
C(N1C(CCC1)=O)C(N)=O,1,BBBP,source_mol_363,Source domain molecule from BBBP
C(C1(C(NC(N(C1=O)C)=O)=O)CC)C,1,BBBP,source_mol_364,Source domain molecule from BBBP
[C@@H](N)(C(OCCOC[N]1C2=C(N=C1)C(=O)N=C(N2)N)=O)C(C)C,1,BBBP,source_mol_365,Source domain molecule from BBBP
C1=C3C(=C(C(=C1)CNC2=CC(=C(C(=C2)OC)OC)OC)C)C(=NC(=N3)N)N,1,BBBP,source_mol_366,Source domain molecule from BBBP
C1=CC=CC2=C1N(C3=C(CC2=O)C=CC=C3)CCCN(C)C,1,BBBP,source_mol_367,Source domain molecule from BBBP
C1=C(Cl)C(=C(C=C1)C)NC(=O)/C=C/2SCC(=O)N2C,1,BBBP,source_mol_368,Source domain molecule from BBBP
C1=C2C(=CC=C1)CCC(=C2)CC3=NCNC3,1,BBBP,source_mol_369,Source domain molecule from BBBP
C1=CC=CC2=C1C3=C([N]2CC)C(SCC3)(CCN(C)C)C,1,BBBP,source_mol_370,Source domain molecule from BBBP
NC(N)=O,1,BBBP,source_mol_371,Source domain molecule from BBBP
c1cc(CCNC)ncc1,1,BBBP,source_mol_372,Source domain molecule from BBBP
CCN(CC)C(=S)SSC(=S)N(CC)CC,1,BBBP,source_mol_373,Source domain molecule from BBBP
C(C(C(OCOC(C(C)(C)C)=O)=O)CCC)CC,1,BBBP,source_mol_374,Source domain molecule from BBBP
COc1ccc(CCN2CCC(CC2)Nc3nc4ccccc4n3Cc5ccc(F)cc5)cc1,0,BBBP,source_mol_375,Source domain molecule from BBBP
CC(Cl)(Cl)Cl,1,BBBP,source_mol_376,Source domain molecule from BBBP
C1=C(OC)C(=CC2=C1C(=NN=C(C2CC)C)C3=CC=C(C(=C3)OC)OC)OC,1,BBBP,source_mol_377,Source domain molecule from BBBP
COC(=O)c1ccc(cc1)C(=O)OC,1,BBBP,source_mol_378,Source domain molecule from BBBP
O=C(C)Nc1cc(c2csc(N=C(N)N)n2)ccc1,0,BBBP,source_mol_379,Source domain molecule from BBBP
CN(C)CCOC(C)(c1ccccc1)c2ccccn2,1,BBBP,source_mol_380,Source domain molecule from BBBP
NCCCNCCS[P](O)(O)=O,0,BBBP,source_mol_381,Source domain molecule from BBBP
CN1CCN2C(C1)c3ccccc3Cc4cccnc24,1,BBBP,source_mol_382,Source domain molecule from BBBP
CCOC(=O)c1ncn2c1CN(C)C(=O)c3cc(F)ccc23,1,BBBP,source_mol_383,Source domain molecule from BBBP
[H+].[Cl-].Clc1ccc2Sc3ccccc3N(CCCN4CCC5(CC4)NC(=O)CS5)c2c1,1,BBBP,source_mol_384,Source domain molecule from BBBP
c1(ccccc1)[C@H](CN1CCCC1)N(C(=O)Cc1ccc(c(c1)Cl)Cl)C,1,BBBP,source_mol_385,Source domain molecule from BBBP
C1=C(C(F)(F)F)C=CC3=C1N(C2=C(C=CC=C2)S3)CCCN5CCC(C(C4=CC=C(F)C=C4)=O)CC5,1,BBBP,source_mol_386,Source domain molecule from BBBP
C1=CC(=CC3=C1[N]2C(=CN=C2C)CN=C3C4=CC=CC=C4Cl)Cl,1,BBBP,source_mol_387,Source domain molecule from BBBP
Clc1ccc(COC(Cn2ccnc2)c3ccc(Cl)cc3Cl)c(Cl)c1,0,BBBP,source_mol_388,Source domain molecule from BBBP
C1=CC(=CC=C1C(CC(C)(C)O)(C)O)Cl,1,BBBP,source_mol_389,Source domain molecule from BBBP
CCCN(CCC)CCc1ccc(c2c1CC(N2)=C)O,1,BBBP,source_mol_390,Source domain molecule from BBBP
C1C(Nc2c1c(ccc2O)CCN(CCC)CCC)=O,1,BBBP,source_mol_391,Source domain molecule from BBBP
C1=CC=CC=C1N2C(C(C(NC2=O)=O)(CC)CC)=O,1,BBBP,source_mol_392,Source domain molecule from BBBP
[Na+].CO\N=C(C(=O)N[C@@H]1[C@@H]2SCC(=C(N2C1=O)C([O-])=O)COC(C)=O)\c3csc(N)n3,1,BBBP,source_mol_393,Source domain molecule from BBBP
C1=CC=CC=C1C(CN2CCCC2)OCCC(C)C,1,BBBP,source_mol_394,Source domain molecule from BBBP
[C@]12(OC(O[C@@H]1CC3C2(CC(O)[C@H]4C3C[C@H](F)C5=CC(=O)C=CC45C)C)(C)C)C(=O)COC(=O)C,1,BBBP,source_mol_395,Source domain molecule from BBBP
CO[C@@]12[C@H](COC(N)=O)C3=C(N1C[C@@H]4N[C@H]24)C(=O)C(=C(N)C3=O)C,0,BBBP,source_mol_396,Source domain molecule from BBBP
C1=C(C(=C(C=C1)Cl)NC2=NCCO2)Cl,1,BBBP,source_mol_397,Source domain molecule from BBBP
C1=C(OC)C(=CC2=C1C(=C(C(OCC)=O)[NH]2)CCN4CCN(C3=CC=CC=C3)CC4)OC,1,BBBP,source_mol_398,Source domain molecule from BBBP
[C@H]2(CNC(C1=C(C=CC(=C1OC)Br)OC)=O)N(CCC2)CC,1,BBBP,source_mol_399,Source domain molecule from BBBP
C1=CC(=CC=C1C3(CCN(CCCC(C2=CC=C(C=C2)F)=O)CC3)OC(CCCCCCCCC)=O)Br,1,BBBP,source_mol_400,Source domain molecule from BBBP
FC(F)OC(Cl)C(F)(F)F,1,BBBP,source_mol_401,Source domain molecule from BBBP
C1=C([S](N)(=O)=O)C=CC(=C1C(NCC2N(CCC2)CCC)=O)OC,1,BBBP,source_mol_402,Source domain molecule from BBBP
C1=CC=CC(=C1N2C(=NC3=C(C2=O)C=CC=C3)\C=C\C4=NC=CC=C4)C,1,BBBP,source_mol_403,Source domain molecule from BBBP
[C@]3(N(C1=CC=CC=C1)C(=O)CC)(C(=O)OC)[C@H](CN(CCC2=CC=CC=C2)CC3)C,1,BBBP,source_mol_404,Source domain molecule from BBBP
C1=CC(=CC3=C1[N]2C(=NN=C2CN(C)C)CN=C3C4=CC=CC=C4)Cl,1,BBBP,source_mol_405,Source domain molecule from BBBP
[C@@H](CC(=O)O)(CC(C)C)CN,1,BBBP,source_mol_406,Source domain molecule from BBBP
C1=C(Cl)C=CC3=C1N(C2=C(C=CC=C2)S3)CCCN5CCC(C4C(OCC4)=O)(O)CC5,1,BBBP,source_mol_407,Source domain molecule from BBBP
C(C(Cl)(Cl)Cl)OC(OCC(Cl)(Cl)Cl)=O,1,BBBP,source_mol_408,Source domain molecule from BBBP
[C@@H]1(C2=C(CC1)C=CC=C2)NCC#C,1,BBBP,source_mol_409,Source domain molecule from BBBP
C1=C(SC)C=CC4=C1C(N2CCN(C)CC2)CC3=C(C=CC=C3)S4,1,BBBP,source_mol_410,Source domain molecule from BBBP
C4=C(N2C(C1=C(SCCS1)C2=O)OC(N3CCN(C)CC3)=O)N=C5C(=C4)C=CC(=N5)Cl,1,BBBP,source_mol_411,Source domain molecule from BBBP
[C@@H]23[C@H]([C@H]1[C@]([C@](C(CSC(C(C)(C)C)=O)=O)(O)CC1)(C)C[C@@H]2O)CCC4=CC(=O)CC[C@]34C,1,BBBP,source_mol_412,Source domain molecule from BBBP
[C@@H]24[C@@](C1=CC=CC=C1OC3=C(C=CC=C23)C)(CCN(C4)C)O,1,BBBP,source_mol_413,Source domain molecule from BBBP
CC(C)(C)NC(=O)[C@@H]1CN(CCN1C[C@@H](O)C[C@@H](Cc2ccccc2)C(=O)N[C@@H]3[C@H](O)Cc4ccccc34)Cc5cccnc5,1,BBBP,source_mol_414,Source domain molecule from BBBP
CC(N)C(=O)OC(C(=O)NC1C2SCC(=C(N2C1=O)C(=O)OCC3=C(C)OC(=O)O3)CSc4sc(C)nn4)c5ccccc5,0,BBBP,source_mol_415,Source domain molecule from BBBP
COC(=O)[C@H]1[C@H](CC2CCC1N2C)OC(=O)c3ccccc3,1,BBBP,source_mol_416,Source domain molecule from BBBP
C(C(NN)C)CCCCC,1,BBBP,source_mol_417,Source domain molecule from BBBP
C1=C(Cl)C=CC3=C1C(C2=CC=CC=C2)SC(=N3)NCC,1,BBBP,source_mol_418,Source domain molecule from BBBP
C(C(NC(C)=O)C(O)=O)CC(N)=O,1,BBBP,source_mol_419,Source domain molecule from BBBP
N[S](=O)(=O)c1cc2c(NCN[S]2(=O)=O)cc1C(F)(F)F,0,BBBP,source_mol_420,Source domain molecule from BBBP
[Na+].CC(=O)OCC1=C(N2[C@@H](SC1)[C@@H](NC(=O)CC#N)C2=O)C([O-])=O,0,BBBP,source_mol_421,Source domain molecule from BBBP
C1=CC(=CC5=C1N(C4CCN(CC3OC2=C(C=CC=C2)OC3)CC4)C(N5)=O)Cl,1,BBBP,source_mol_422,Source domain molecule from BBBP
CN(C)CCCN1c2ccccc2Sc3ccc(cc13)C(F)(F)F,1,BBBP,source_mol_423,Source domain molecule from BBBP
C1=C(NC(C(Cl)(Cl)Cl)=O)C=CC(=C1)O,1,BBBP,source_mol_424,Source domain molecule from BBBP
[C@]34([C@H](C2[C@@](F)([C@@]1(C(=CC(=O)C=C1)[C@@H](F)C2)C)[C@@H](O)C3)C[C@H]5OC(O[C@@]45C(=O)COC(=O)C6CC6)(C)C)C,1,BBBP,source_mol_425,Source domain molecule from BBBP
CC[C@@]1(O)C[C@H](O[C@H]2C[C@@H]([C@H](O[C@H]3C[C@@H]4O[C@H]5CC(=O)[C@H](C)O[C@H]5O[C@@H]4[C@H](C)O3)[C@H](C)O2)N(C)C)c6c(O)c7C(=O)c8c(O)cccc8C(=O)c7c(O)c6[C@H]1O[C@H]9C[C@@H]([C@H](O)[C@H](C)O9)N(C)C,0,BBBP,source_mol_426,Source domain molecule from BBBP
C1=C(O)C=CC4=C1C3(C(C(N(CC2CCC2)CC3)C4)(C)C)CC,1,BBBP,source_mol_427,Source domain molecule from BBBP
C1=C([S](C)(=O)=O)C=CC3=C1N(C2=C(C=CC=C2)S3)CCCN4CCC(C(N)=O)CC4,1,BBBP,source_mol_428,Source domain molecule from BBBP
ClCCN(N=O)C(=O)NC1CCCCC1,1,BBBP,source_mol_429,Source domain molecule from BBBP
C1=C(C=CC(=C1)NC(C)=O)OC(C)(C)C,1,BBBP,source_mol_430,Source domain molecule from BBBP
C(C2(C1=CCCCCC1)C(NC(=O)NC2=O)=O)C,1,BBBP,source_mol_431,Source domain molecule from BBBP
CCc1ccccc1N2C(=Nc3ccccc3C2=O)C,1,BBBP,source_mol_432,Source domain molecule from BBBP
OC(=O)C1=C(CS[C@@H]2[C@H](NC(=O)Cc3sccc3)C(=O)N12)CSc4[nH]ncn4,0,BBBP,source_mol_433,Source domain molecule from BBBP
CCCSc1ccc2nc(NC(=O)OC)[nH]c2c1,1,BBBP,source_mol_434,Source domain molecule from BBBP
c1(ccc(c(c1)Cl)Cl)CC(N1[C@H](CN2CCCC2)c2n(CC1)ncn2)=O,1,BBBP,source_mol_435,Source domain molecule from BBBP
CCCN(CCc1c2c(c(cc1)O)NC(=O)C2)CCC,1,BBBP,source_mol_436,Source domain molecule from BBBP
[H+].C4=C(N3CCN(CCCN1N=C(N(C1=O)CCOC2=CC=CC=C2)CC)CC3)C=CC=C4Cl.[Cl-],1,BBBP,source_mol_437,Source domain molecule from BBBP
N[S](=O)(=O)c1cc2c(NCN[S]2(=O)=O)cc1Cl,0,BBBP,source_mol_438,Source domain molecule from BBBP
c1(ccccc1)CC,1,BBBP,source_mol_439,Source domain molecule from BBBP
CCC(C)C(N)C1=NC(CS1)C(=O)N[C@@H](CC(C)C)C(=O)N[C@H](CCC(O)=O)C(=O)N[C@@H]([C@@H](C)CC)C(=O)NCCCC[C@@H]2NC(=O)[C@H](CC(N)=O)NC(=O)[C@@H](CC(O)=O)NC(=O)[C@H](Cc3[nH]cnc3)NC(=O)[C@@H](Cc4ccccc4)NC(=O)[C@@H](NC(=O)[C@@H](CCCN)NC2=O)[C@@H](C)CC,0,BBBP,source_mol_440,Source domain molecule from BBBP
Nc1ccc(C(O)=O)c(O)c1,0,BBBP,source_mol_441,Source domain molecule from BBBP
C1=C(C(N)=O)C=C(C(=C1OC)OCCCCCCCCCC)OC,1,BBBP,source_mol_442,Source domain molecule from BBBP
Cc1ccnc2N(C3CC3)c4ncccc4C(=O)Nc12,1,BBBP,source_mol_443,Source domain molecule from BBBP
C2=C(C(C[N]1C=CN=C1)=O)C=CC3=CC=CC=C23,1,BBBP,source_mol_444,Source domain molecule from BBBP
[C@]14([C@@]([C@@H](C)C[C@H]1[C@H]3[C@]([C@@]2(C(=CC(=O)C=C2)CC3)C)(F)[C@H](C4)O)(OC(CCCC)=O)C(CO)=O)C,1,BBBP,source_mol_445,Source domain molecule from BBBP
[Na+].CC1(C)S[C@@H]2[C@H](NC(=O)[C@H](NC(=O)C3=CC=C(NC3=O)c4ccc(cc4)[S](=O)(=O)N(CCO)CCO)c5ccc(O)cc5)C(=O)N2[C@H]1C([O-])=O,0,BBBP,source_mol_446,Source domain molecule from BBBP
NCC1OC(OC2C(N)CC(N)C(OC3OC(CO)C(O)C(N)C3O)C2O)C(N)C(O)C1O,0,BBBP,source_mol_447,Source domain molecule from BBBP
C1=C(C=CC=C1N2C(C=CC=C2)=O)N,1,BBBP,source_mol_448,Source domain molecule from BBBP
c1(ccc(c(c1)Cl)Cl)CC(N1[C@H](CN2CCCC2)c2n(CC1)ccn2)=O,1,BBBP,source_mol_449,Source domain molecule from BBBP
[C@@](O)(C5C6(OC)C2OC1=C(O)C=CC4=C1C23C(C(N(CC3)CC=C)C4)(C5)C=C6)(CCC)C,1,BBBP,source_mol_450,Source domain molecule from BBBP
[H+].C2=C(CC1=CC=CC=C1)C(=CC=C2)OCCCCNC.[Cl-],1,BBBP,source_mol_451,Source domain molecule from BBBP
CC12CC3(CC(C1)(CC(C2)C3)N)C,1,BBBP,source_mol_452,Source domain molecule from BBBP
CC(=O)CC(c1ccccc1)C2=C(O)Oc3ccccc3C2=O,0,BBBP,source_mol_453,Source domain molecule from BBBP
Cc1ccc(C)cc1,1,BBBP,source_mol_454,Source domain molecule from BBBP
C1=C([S](N)(=O)=O)C=C(C(=C1C(NCC2N(CCC2)CC=C)=O)OC)OC,1,BBBP,source_mol_455,Source domain molecule from BBBP
COCC(=O)O[C@]1(CCN(C)CCCc2[nH]c3ccccc3n2)CCc4cc(F)ccc4[C@@H]1C(C)C,0,BBBP,source_mol_456,Source domain molecule from BBBP
[C@H]23[C@@]([C@@]1(C(=CC(=O)CC1)CC2)C)([C@H](C[C@]4([C@H]3CC[C@@]4(C(COC(C)=O)=O)O)C)O)F,1,BBBP,source_mol_457,Source domain molecule from BBBP
[C@@]4([C@@]3([C@H]([C@H]2[C@@H]([C@@]1(C(=CC(=O)C=C1)CC2)C)[C@H](C3)O)CC4)C)(C(COC(CC)=O)=O)OC(OCC)=O,1,BBBP,source_mol_458,Source domain molecule from BBBP
C1=CC=C2C(=C1)SC3=C(N2CC(C)CN(C)C)C=C(C=C3)C(F)(F)F,1,BBBP,source_mol_459,Source domain molecule from BBBP
[C@]1([C@]2(C3=C(C[C@@H]1N(CC2)C)C=CC(=C3)O)C)(CCC(=O)CCCCC)C,1,BBBP,source_mol_460,Source domain molecule from BBBP
CC1=C(N2[C@H](SC1)[C@H](NC(=O)[C@H](N)c3ccccc3)C2=O)C(O)=O,0,BBBP,source_mol_461,Source domain molecule from BBBP
C[C@]12CC[C@H]3[C@@H](CCC4=CC(=O)C=C[C@]34C)[C@@H]1CCC(=O)O2,0,BBBP,source_mol_462,Source domain molecule from BBBP
c1cc(ccc1CCCC(OC(C)(C)C)=O)N(CCCl)CCCl,1,BBBP,source_mol_463,Source domain molecule from BBBP
CCCCCN1C=CC(=O)C(=C1C)O,1,BBBP,source_mol_464,Source domain molecule from BBBP
CC(C)(C(O)=O)c1ccc(cc1)C(=O)CCCN2CCC(CC2)OC(c3ccccc3)c4ccccc4,0,BBBP,source_mol_465,Source domain molecule from BBBP
CO[C@H]1[C@@H](C[C@@H]2CN3CCc4c([nH]c5cc(OC)ccc45)[C@H]3C[C@@H]2[C@@H]1C(=O)OC)OC(=O)c6cc(OC)c(OC)c(OC)c6,1,BBBP,source_mol_466,Source domain molecule from BBBP
C1=CC(=CC=C1OCC(NCCN(CC)CC)=O)Cl,1,BBBP,source_mol_467,Source domain molecule from BBBP
C1=CC=CC=C1C2(N(C(=O)NC2=O)C)CC,1,BBBP,source_mol_468,Source domain molecule from BBBP
Clc1ccc(cc1)C(=O)NCCN2CCOCC2,1,BBBP,source_mol_469,Source domain molecule from BBBP
C1=CC=CC3=C1N(C2=C(C=CC=C2)CC3=O)C(N)=O,1,BBBP,source_mol_470,Source domain molecule from BBBP
CCNCC(O)c1cccc(O)c1,0,BBBP,source_mol_471,Source domain molecule from BBBP
[C@]23([C@H]([C@H]1[C@]([C@](C(C)=O)(O)CC1)(C)C[C@@H]2O)C[C@H](C)C4=CC(=O)C=C[C@]34C)F,1,BBBP,source_mol_472,Source domain molecule from BBBP
C1=CC=CC2=C1N(C(CO2)=O)CC(N)=O,1,BBBP,source_mol_473,Source domain molecule from BBBP
[H+].C4=C3OCC(N(CCCCN1C(=O)CC2(CC1=O)CCCC2)CCC)CC3=C(OC)C=C4.[Cl-],1,BBBP,source_mol_474,Source domain molecule from BBBP
CNC(=O)Oc1ccc2N(C)[C@H]3N(C)CC[C@@]3(C)c2c1,1,BBBP,source_mol_475,Source domain molecule from BBBP
CC1=C(N2[C@H](SC1)[C@H](NC(=O)[C@H](N)c3ccc(O)cc3)C2=O)C(O)=O,0,BBBP,source_mol_476,Source domain molecule from BBBP
c12c3c(N4CCN(C)CC4)c(F)cc1c(c(C(O)=O)cn2C(C)CO3)=O,1,BBBP,source_mol_477,Source domain molecule from BBBP
CC1=C(N2[C@H](SC1)[C@H](NC(=O)Cc3ccc(cc3)C4=NCCCN4)C2=O)C(O)=O,0,BBBP,source_mol_478,Source domain molecule from BBBP
C1=C(Cl)C=CC2=C1C(=NCC(=O)N2C)C3=CC=CC=C3F,1,BBBP,source_mol_479,Source domain molecule from BBBP
C1=C(CC\C(CN)=C/F)C=CC(=C1)F,1,BBBP,source_mol_480,Source domain molecule from BBBP
[C@@H]1([C@@H]([C@H]2C=C[C@@H]1C2)C(N(CC)CC)=O)C(N(CC)CC)=O,1,BBBP,source_mol_481,Source domain molecule from BBBP
CNC(/NCCSCc1oc(CN(C)C)cc1)=C\[N+]([O-])=O,0,BBBP,source_mol_482,Source domain molecule from BBBP
C1=CC=CC2=C1C3=C(C2)CCOC3(CCN(C)C)C,1,BBBP,source_mol_483,Source domain molecule from BBBP
OC1(CCN(CCCC(=O)c2ccc(F)cc2)CC1)c3ccc(Br)cc3,1,BBBP,source_mol_484,Source domain molecule from BBBP
[C@H]5(CN(C(C3=C2C1=CC(=CC=C1CCN2C(=O)C(=C3)C4=CC=CC=C4)Cl)=O)CC5)OCC,1,BBBP,source_mol_485,Source domain molecule from BBBP
NCCc1cn2c(n1)cccc2,0,BBBP,source_mol_486,Source domain molecule from BBBP
CC(C)NCC(O)COc1cccc2ccccc12,0,BBBP,source_mol_487,Source domain molecule from BBBP
COc1ccc2C[C@H]3[C@H]4CCCC[C@@]4(CCN3C)c2c1,1,BBBP,source_mol_488,Source domain molecule from BBBP
C1=C4C(=CC=C1OCCCCN3CCN(C2=CC=CC(=C2Cl)Cl)CC3)CCC(N4)=O,1,BBBP,source_mol_489,Source domain molecule from BBBP
c1cn(CCO)c(CC)c(O)c1=O,0,BBBP,source_mol_490,Source domain molecule from BBBP
NCC1OC(OC2C(N)CC(N)C(OC3OC(CO)C(O)C(N)C3O)C2O)C(O)C(O)C1O,0,BBBP,source_mol_491,Source domain molecule from BBBP
Clc1ccc2N(C3CCN(CCCN4C(=O)Nc5ccccc45)CC3)C(=O)Nc2c1,0,BBBP,source_mol_492,Source domain molecule from BBBP
C1=CC=CC=C1C4(C3CCN(C\C=C\C2=CC=CC=C2)CC3)C(NC(=O)CC4)=O,1,BBBP,source_mol_493,Source domain molecule from BBBP
CC(CN(C)C)CN1c2ccccc2CCc3ccccc13,1,BBBP,source_mol_494,Source domain molecule from BBBP
C1=CC=CC2=C1N(C(CC(S2)C3=CC=CC=C3)=O)CCN(C)C,1,BBBP,source_mol_495,Source domain molecule from BBBP
C1=C(C(=C(C=C1)C)NC2=NCCCS2)C,1,BBBP,source_mol_496,Source domain molecule from BBBP
C1=NC5=C([N]1CCN4CCC(C2=C[NH]C3=C2C=CC=C3)CC4)C(N(C)C(N5C)=O)=O,1,BBBP,source_mol_497,Source domain molecule from BBBP
CC(=O)Nc1sc(nn1)[S](N)(=O)=O,1,BBBP,source_mol_498,Source domain molecule from BBBP
CC(Cc1ccccc1)NO,0,BBBP,source_mol_499,Source domain molecule from BBBP
